{"Curcumin control": {"x": [395.735365, 490.564135, 549.449875, 580.03985, 670.2802, 700.870175, 729.930575, 762.050125, 791.110525, 823.230075, 854.5846849999999, 883.6453899999999, 912.70579, 1002.94614, 1033.5361149999999, 1064.12609], "y": [100, 100, 99.07162, 92.04244, 89.65517, 81.56499, 79.5756, 69.23077, 65.64987, 43.8992, 33.81963, 29.17772, 21.61804, 10.2122, 5.83554, 1.72414], "n": 50}, "Curcumin experiment": {"x": [397.264635, 576.9807000000001, 610.629825, 640.455165, 729.930575, 761.28549, 791.875465, 823.99471, 882.115815, 915.764635, 944.82534, 975.4153150000001, 1004.475715, 1033.5361149999999, 1097.010275, 1129.1298250000002], "y": [100, 100, 96.02122, 91.64456, 90.45093, 85.94164, 79.97347, 59.54907, 49.73475, 40.3183, 28.51459, 22.14854, 14.58886, 5.70292, 2.12202, 0.26525], "n": 50}, "Berberine control": {"x": [3.94144, 399.66216, 446.95946, 457.20721, 517.11712, 530.51802, 545.4955, 550.22523, 553.37838, 562.83784, 575.45045, 583.33333, 598.31081, 614.07658, 654.27928, 670.83333, 675.56306, 680.29279, 706.30631, 707.88288, 709.45946], "y": [100.35587, 100.17794, 95.37367, 91.28114, 86.121, 81.6726, 77.04626, 72.59786, 67.97153, 63.879, 59.07473, 54.62633, 50.17794, 45.5516, 36.29893, 32.02847, 27.75801, 22.7758, 17.97153, 9.25267, 0.17794], "n": 22}, "Berberine experiment": {"x": [3.94144, 429.61712, 472.97297, 527.36486, 540.76577, 549.43694, 584.12162, 594.36937, 642.45495, 647.97297, 670.83333, 677.92793, 693.69369, 696.84685, 703.15315, 707.09459, 711.82432, 723.64865, 731.53153, 736.26126, 745.72072, 755.96847, 757.54505], "y": [100.35587, 100.17794, 95.5516, 91.45907, 86.29893, 82.02847, 76.86833, 72.59786, 68.14947, 63.879, 59.07473, 54.62633, 50.53381, 45.90747, 41.1032, 36.6548, 32.20641, 27.58007, 23.30961, 18.3274, 13.879, 9.07473, 0.71174], "n": 22}, "Sirtuin control": {"x": [13.74046, 287.0229, 323.66412, 392.36641, 538.9313, 563.35878, 586.25954, 603.05344, 615.26718, 622.90076, 629.00763, 629.00763, 633.58779, 641.22137, 653.43511, 656.48855, 674.80916, 677.8626, 696.18321, 700.76336, 712.9771, 725.19084, 734.35115, 745.03817, 772.51908, 793.89313, 796.94656, 806.10687, 815.26718, 822.90076, 827.48092, 836.64122, 845.80153, 879.38931, 902.29008, 906.87023, 919.08397, 934.35115, 986.25954, 1018.32061, 1051.9084, 1077.8626], "y": [100.6993, 100.52448, 98.6014, 94.40559, 92.65734, 90.55944, 88.98601, 86.71329, 85.13986, 82.86713, 81.29371, 79.1958, 77.27273, 75.34965, 73.6014, 71.15385, 69.40559, 67.65734, 65.73427, 61.88811, 55.94406, 54.1958, 52.27273, 48.25175, 46.5035, 44.40559, 39.33566, 36.88811, 34.44056, 32.69231, 30.94406, 28.67133, 25, 23.25175, 21.67832, 19.75524, 17.65734, 15.38462, 9.79021, 7.86713, 5.94406, 2.0979], "n": 52}, "Sirtuin experiment": {"x": [13.74046, 561.83206, 590.83969, 615.26718, 647.32824, 670.22901, 671.75573, 691.60305, 714.50382, 722.1374, 770.99237, 775.57252, 806.10687, 810.68702, 833.58779, 850.38168, 853.43511, 862.59542, 877.8626, 891.60305, 899.23664, 911.45038, 931.29771, 937.40458, 948.0916, 980.15267, 987.78626, 989.31298, 993.89313, 1001.52672, 1003.05344, 1012.21374, 1015.26718, 1021.37405, 1025.9542, 1051.9084, 1059.54198, 1073.28244, 1080.91603, 1088.54962, 1105.34351, 1166.41221, 1184.73282], "y": [100.6993, 100.17483, 98.42657, 96.5035, 94.23077, 90.73427, 88.11189, 86.36364, 84.26573, 82.51748, 80.41958, 78.67133, 76.3986, 74.82517, 72.55245, 70.8042, 69.23077, 66.95804, 65.03497, 62.93706, 59.44056, 54.8951, 53.14685, 49.3007, 47.2028, 45.27972, 41.43357, 39.68531, 37.76224, 35.66434, 32.34266, 29.54545, 25.87413, 23.77622, 20.27972, 17.83217, 15.03497, 12.06294, 10.13986, 8.04196, 5.94406, 4.02098, 2.0979], "n": 51}, "Rapamycin control": {"x": [7.0922, 679.43262, 760.28369, 771.63121, 792.9078, 842.55319, 846.80851, 852.48227, 924.8227, 927.65957, 951.77305, 964.53901, 1001.41844, 1028.36879, 1032.62411, 1143.26241, 1177.30496, 1234.04255, 1235.46099], "y": [100, 99.71751, 94.49153, 89.12429, 77.9661, 72.31638, 66.38418, 61.15819, 55.79096, 49.71751, 44.49153, 38.84181, 33.05085, 27.68362, 22.0339, 16.38418, 10.73446, 5.50847, 0.42373], "n": 18}, "Rapamycin experiment": {"x": [8.50202, 756.68016, 807.69231, 851.61943, 930.97166, 953.64372, 969.23077, 994.73684, 1054.25101, 1082.59109, 1101.01215, 1106.68016, 1116.59919, 1259.7166, 1286.63968, 1401.417, 1401.417], "y": [100.42433, 100.14144, 95.0495, 88.82603, 82.60255, 76.80339, 70.8628, 64.92221, 58.69873, 47.38331, 41.44272, 35.64356, 23.76238, 17.68034, 12.02263, 6.08204, 1.13154], "n": 17}, "Keto control": {"x": [387.03950999999995, 405.449005, 444.898315, 453.664625, 474.70413499999995, 542.2061249999999, 603.5712100000001, 619.350995, 629.8707499999999, 682.469525, 714.02879, 724.548545, 750.8477800000001, 764.87412, 792.9268, 799.93997, 804.32343, 837.635835, 850.785605, 863.058805, 872.701685, 881.4683, 895.49464, 901.6312399999999, 923.54732, 939.3267999999999, 944.58683, 985.78928, 998.0621750000001, 1004.1987750000001, 1010.3353749999999, 1014.7185300000001, 1050.66095, 1067.317305, 1076.08392, 1084.85023, 1088.356815], "y": [100, 98.18482, 96.53465, 95.21452, 93.23432, 91.74917, 90.09901, 88.11881, 85.31353, 83.33333, 81.51815, 80.19802, 78.54785, 76.56766, 75.41254, 70.62706, 68.64686, 66.9967, 64.68647, 60.89109, 57.42574, 55.11551, 50.9901, 49.33993, 47.0297, 45.37954, 43.23432, 40.92409, 38.11881, 36.30363, 33.82838, 31.35314, 19.63696, 15.84158, 11.71617, 8.25083, 3.46535], "n": 61}, "Rapamycin2 control": {"x": [352.48118, 406.88647000000003, 558.23235, 579.00529, 662.097355, 674.9567649999999, 717.49176, 721.448525, 727.383825, 735.297355, 741.23235, 755.08118, 768.929705, 774.865005, 776.8432349999999, 784.756765, 789.702645, 796.62706, 802.562055, 804.54059, 821.356765, 821.356765, 835.2052900000001, 836.19471, 844.10824, 857.9567649999999, 864.8811800000001, 869.8270600000001, 873.783825, 920.275585, 935.11353, 938.08118, 978.637945, 986.5514750000001, 988.5297049999999, 998.42177, 1020.1838250000001, 1056.7838250000002, 1099.31882], "y": [97.51825, 95.0365, 92.70073, 90.80292, 87.44526, 85.25547, 82.91971, 81.16788, 78.24818, 75.0365, 72.9927, 70.80292, 67.88321, 65.10949, 62.18978, 59.56204, 56.93431, 54.45255, 51.82482, 49.19708, 45.69343, 42.91971, 40.87591, 38.24818, 35.32847, 32.84672, 30.51095, 27.88321, 25.54745, 22.62774, 20.58394, 17.66423, 15.47445, 12.40876, 9.78102, 7.73723, 4.81752, 2.48175, 0.14599], "n": 40}, "Diet control": {"x": [616.9697, 650.90909, 661.81818, 682.42424, 696.9697, 699.39394, 718.78788, 750.30303, 772.12121, 806.06061, 826.66667, 830.30303, 835.15152, 844.84848, 849.69697, 855.75758, 856.9697, 875.15152, 878.78788, 884.84848, 893.33333, 916.36364, 918.78788, 924.84848, 935.75758, 949.09091, 981.81818, 985.45455, 986.66667, 990.30303, 991.51515, 1007.27273, 1009.69697, 1019.39394, 1037.57576, 1073.93939, 1096.9697, 1103.0303, 1166.06061, 1229.09091], "y": [98.23322, 96.11307, 94.87633, 93.63958, 91.51943, 87.98587, 86.0424, 84.4523, 79.15194, 74.91166, 72.79152, 70.31802, 67.84452, 65.5477, 63.42756, 60.95406, 57.95053, 56.36042, 51.41343, 49.11661, 47.17314, 45.053, 42.75618, 39.75265, 37.80919, 35.15901, 33.5689, 31.27208, 28.79859, 26.32509, 23.32155, 21.73145, 19.43463, 16.4311, 12.01413, 9.71731, 7.59717, 4.947, 2.4735, 0.88339], "n": 14}, "AKG control": {"x": [493.01237, 790.35199, 799.430925, 826.6683400000001, 828.181445, 853.1487450000001, 877.359645, 897.7876299999999, 925.02474, 929.56436, 945.452725, 960.584385, 966.63711, 971.17673, 1005.22327, 1011.2759950000001, 1021.8683400000001, 1027.16436, 1068.77673, 1080.125475, 1082.395285, 1112.65891, 1125.521065], "y": [100.74442, 96.77419, 96.27792, 91.81141, 87.34491, 82.87841, 78.66005, 74.19355, 73.44913, 68.73449, 63.77171, 59.05707, 54.83871, 49.62779, 44.16873, 34.98759, 30.27295, 25.06203, 20.59553, 15.38462, 10.42184, 5.45906, 0.99256], "n": 24},